wellbore	date	discovered_oil	discovered_gas	discovered_oe
8/3-1	1966-07-19	0.00	0.00	0.00
BALDER	1966-10-18	0	0	0
16/2-1	1967-07-11	0.00	0.00	0.00
16/11-1 S	1967-07-14	0.00	0.00	0.00
16/7-1	1967-08-11	0.00	0.00	0.00
16/1-1	1967-09-26	0.00	0.00	0.00
16/6-1	1967-11-07	0.00	0.00	0.00
2/8-1	1967-11-28	0.00	0.00	0.00
COD	1968-02-26	2.90	7.30	10.70
9/4-1	1968-03-31	0.00	0.00	0.00
16/9-1	1968-05-08	0.00	0.00	0.00
9/8-1	1968-05-23	0.00	0.00	0.00
17/11-1	1968-05-24	0.00	0.00	0.00
17/4-1	1968-06-17	0.00	0.00	0.00
1/3-1	1968-07-06	0.00	0.00	0.00
7/8-1	1968-08-31	0.00	0.00	0.00
7/12-1 S	1968-08-31	0.00	0.00	0.00
17/10-1	1968-12-30	0.00	0.00	0.00
2/3-1	1969-02-10	0.00	0.00	0.00
9/12-1	1969-03-28	0.00	0.00	0.00
7/3-1	1969-04-07	0.00	0.00	0.00
2/6-1	1969-04-21	0.00	0.00	0.00
1/3-2	1969-05-14	0.00	0.00	0.00
8/10-1	1969-05-30	0.00	0.00	0.00
MIME	1969-07-02	0.40	0.10	0.50
11/10-1	1969-08-02	0.00	0.00	0.00
2/4-1	1969-08-25	0.00	0.00	0.00
EKOFISK	1969-09-18	563.30	161.60	739.90
BALDER	1970-04-28	68.90	1.80	70.70
2/8-2	1970-06-28	0.00	0.00	0.00
9/4-2	1970-07-19	0.00	0.00	0.00
TOR	1970-08-01	24.40	11.30	36.90
ELDFISK	1970-08-03	135.60	45.40	185.00
25/10-2	1970-08-05	0.00	0.00	0.00
VEST EKOFISK	1970-08-28	12.20	26.00	39.60
9/10-1	1970-08-30	0.00	0.00	0.00
10/8-1	1970-12-12	0.00	0.00	0.00
2/7-2	1970-12-13	0.00	0.00	0.00
16/5-1	1971-01-17	0.00	0.00	0.00
FRIGG	1971-03-30	0.00	116.20	116.70
7/9-1	1971-04-22	0.00	0.00	0.00
8/12-1	1971-05-31	0.00	0.00	0.00
7/1-1	1971-07-03	0.00	0.00	0.00
9/11-1	1971-07-03	0.00	0.00	0.00
15/6-1	1971-08-07	0.00	0.00	0.00
2/3-3	1971-10-08	0.00	0.00	0.00
17/12-1	1971-10-27	0.00	0.00	0.00
8/1-1	1971-12-02	0.00	0.00	0.00
17/12-1 VETTE	1972-03-14	7.20	0.00	7.20
2/5-3 SØRØST TOR	1972-04-02	3.10	0.87	3.97
2/7-3	1972-04-14	0.00	0.00	0.00
25/10-2 R	1972-05-02	0.00	0.00	0.00
30/5-1	1972-05-17	0.00	0.00	0.00
2/8-3	1972-06-16	0.00	0.00	0.00
EDDA	1972-06-23	4.80	2.00	7.00
HEIMDAL	1972-07-01	6.50	45.20	51.70
ALBUSKJELL	1972-07-10	7.40	15.60	24.00
9/4-3	1972-07-14	0.00	0.00	0.00
2/1-1	1972-08-28	0.00	0.00	0.00
2/5-4	1972-09-03	0.00	0.00	0.00
2/9-1	1972-11-03	0.00	0.00	0.00
1/6-2	1972-11-28	0.00	0.00	0.00
ELDFISK	1973-06-08	0	0	0
16/11-2	1973-06-16	0.00	0.00	0.00
7/8-2	1973-07-24	0.00	0.00	0.00
3/7-1	1973-08-01	0.00	0.00	0.00
ØST FRIGG	1973-08-04	0.00	9.20	9.30
17/12-2 BRISLING	1973-08-31	0.00	0.00	0.00
17/9-1	1973-09-16	0.00	0.00	0.00
25/12-1	1973-10-03	0.00	0.00	0.00
1/5-1	1973-10-12	0.00	0.00	0.00
2/4-10	1973-10-13	0.00	0.00	0.00
25/4-2	1973-10-18	0.78	0.08	0.86
FLYNDRE	1973-10-19	0.00	0.00	0.00
STATFJORD	1973-12-01	573.00	79.50	677.80
ODIN	1973-12-24	0.00	27.30	27.50
2/4-11	1973-12-25	0.00	0.00	0.00
EMBLA	1973-12-25	12.00	7.30	19.90
18/11-1	1974-02-17	0.00	0.00	0.00
NORDØST FRIGG	1974-04-01	0.00	11.60	11.70
2/8-5	1974-04-11	0.00	0.00	0.00
17/9-1 R	1974-05-18	0.00	0.00	0.00
25/2-3	1974-09-01	0.00	0.00	0.00
SLEIPNER VEST	1974-09-05	0.00	133.50	176.10
25/4-3 GEKKO	1974-10-13	0.00	0.00	0.00
HOD	1974-11-06	10.30	1.80	12.50
GUDRUN	1974-11-27	14.50	10.90	27.30
30/11-1	1975-02-05	0.00	0.00	0.00
2/7-11	1975-02-24	0.00	0.00	0.00
30/11-2	1975-03-18	0.00	0.00	0.00
VALHALL	1975-04-07	146.70	27.40	179.60
8/11-1	1975-04-24	0.00	0.00	0.00
36/1-1	1975-05-09	0.00	0.00	0.00
LILLE-FRIGG	1975-05-14	1.30	2.20	3.50
30/7-1	1975-07-05	0.00	0.00	0.00
15/12-1	1975-07-07	0.00	0.00	0.00
2/8-7	1975-07-23	0.00	0.00	0.00
2/4-12	1975-07-28	0.00	0.00	0.00
MARTIN LINGE	1975-08-06	0	0	0
36/1-2	1975-08-26	0.00	0.00	0.00
25/8-2	1975-09-09	0.00	0.00	0.00
2/10-1 S	1975-09-16	0.00	0.00	0.00
8/9-1	1975-12-22	0.00	0.00	0.00
1/6-4	1975-12-29	0.00	0.00	0.00
15/12-2	1976-01-07	0.00	0.00	0.00
11/9-1	1976-01-16	0.00	0.00	0.00
16/3-1	1976-01-31	0.00	0.00	0.00
16/3-2	1976-02-11	0.00	0.00	0.00
24/9-1	1976-02-29	0.00	0.00	0.00
33/12-6	1976-03-02	0.00	0.00	0.00
25/2-5 LILLE FRØY	1976-03-08	3.03	1.57	4.60
17/11-2	1976-04-12	0.00	0.00	0.00
10/5-1	1976-05-31	0.00	0.00	0.00
33/9-6 DELTA	1976-06-23	0.00	0.00	0.00
15/6-4	1976-06-28	0.00	0.00	0.00
ULA	1976-07-04	84.20	3.90	91.30
16/1-2	1976-07-04	0.00	0.00	0.00
35/3-1	1976-07-19	0.00	0.00	0.00
30/7-3	1976-08-06	0.00	0.00	0.00
STATFJORD ØST	1976-09-06	36.60	4.10	42.90
16/8-1	1976-09-25	0.00	0.00	0.00
1/9-1 TOMMELITEN ALPHA	1976-10-14	7.83	13.64	21.96
15/3-2	1976-10-29	0.00	0.00	0.00
STATFJORD NORD	1976-11-11	39.60	2.10	42.80
30/7-4	1977-01-25	0.00	0.00	0.00
30/7-5	1977-02-05	0.00	0.00	0.00
30/7-6	1977-02-14	0.00	0.00	0.00
24/9-2	1977-06-13	0.00	0.00	0.00
8/4-1	1977-06-21	0.00	0.00	0.00
9/4-4	1977-07-19	0.00	0.00	0.00
15/3-2 R	1977-07-26	0.00	0.00	0.00
TOMMELITEN GAMMA	1977-08-13	3.90	9.70	14.10
HOD	1977-10-10	0	0	0
GINA KROG	1977-11-26	15.30	12.50	32.70
2/1-2	1977-12-14	0.00	0.00	0.00
24/12-1	1978-01-16	0.00	0.00	0.00
25/1-6	1978-01-26	0.00	0.00	0.00
33/9-10	1978-04-08	0.00	0.00	0.00
MARTIN LINGE	1978-04-18	0	0	0
3/5-1	1978-05-03	0.00	0.00	0.00
2/5-6	1978-05-14	0.00	0.00	0.00
24/12-1 R	1978-06-07	0.00	0.00	0.00
33/9-11	1978-06-17	0.00	0.00	0.00
GULLFAKS	1978-06-20	369.90	23.10	395.80
3/5-2	1978-06-29	0.00	0.00	0.00
15/5-2 EIRIN	1978-08-16	0.00	6.11	6.54
GULLFAKS SØR	1978-09-09	0	0	0
30/4-1	1978-11-01	0.00	0.00	0.00
2/7-12	1978-12-17	0.00	0.00	0.00
30/7-7	1978-12-18	0.00	0.00	0.00
2/7-13	1979-02-01	0.00	0.00	0.00
33/6-1	1979-04-09	0.00	0.00	0.00
OSEBERG	1979-06-19	389.10	111.90	513.00
2/9-2	1979-07-07	0.00	0.00	0.00
SNORRE	1979-07-11	257.20	6.60	268.50
TROLL	1979-07-17	269.40	1432.80	1731.10
33/5-1	1979-07-19	0.00	0.00	0.00
31/4-1	1979-09-09	0.00	0.00	0.00
31/4-2	1979-09-26	0.00	0.00	0.00
18/10-1	1979-10-19	1.22	0.00	1.22
GYDA	1979-11-03	36.40	6.40	44.70
BRAGE	1979-12-24	58.90	4.20	64.50
34/2-1	1979-12-29	0.00	0.00	0.00
2/6-2	1980-01-03	0.00	0.00	0.00
8/10-2	1980-02-05	0.00	0.00	0.00
34/4-2	1980-03-06	0.00	0.00	0.00
2/7-16	1980-03-20	0.00	0.00	0.00
16/8-2	1980-04-03	0.00	0.00	0.00
35/3-2 AGAT	1980-05-19	0.00	0.00	0.00
7120/12-1	1980-06-01	0.00	0.00	0.00
7119/12-1	1980-06-14	0.00	0.00	0.00
15/12-3	1980-06-21	0.00	0.00	0.00
2/7-17	1980-06-24	0.00	0.00	0.00
6507/12-1	1980-07-01	0.00	0.00	0.00
30/3-2	1980-07-04	0.00	0.00	0.00
VEGA	1980-07-27	7.90	15.60	28.20
34/10-10	1980-08-15	0.00	0.00	0.00
2/7-18	1980-08-20	0.00	0.00	0.00
15/5-3	1980-08-21	0.00	0.00	0.00
2/7-19	1980-09-02	0.00	0.00	0.00
VESLEFRIKK	1980-09-02	54.40	5.20	61.40
34/10-10 R	1980-09-19	0.00	0.00	0.00
35/3-3	1980-10-30	0.00	0.00	0.00
34/2-2	1980-11-27	0.00	0.00	0.00
34/2-2 R	1980-12-12	0.00	0.00	0.00
31/4-4	1980-12-17	0.00	0.00	0.00
24/9-3	1981-01-28	0.00	0.00	0.00
7/12-5	1981-02-06	0.00	0.00	0.00
3/7-2	1981-03-30	0.00	0.00	0.00
7120/12-2	1981-04-15	0.00	11.37	12.39
7119/12-2	1981-04-16	0.00	0.00	0.00
SLEIPNER ØST	1981-05-04	0.00	67.70	108.10
34/2-3	1981-05-15	0.00	0.00	0.00
6507/12-2	1981-06-09	0.00	0.00	0.00
OSEBERG ØST	1981-06-11	25.70	0.40	26.40
3/7-3	1981-06-21	0.00	0.00	0.00
24/12-2	1981-06-23	0.00	0.00	0.00
SNØHVIT	1981-06-28	0	0	0
34/10-12	1981-07-16	0.00	0.00	0.00
15/8-1 ALPHA	1981-07-18	0.00	2.31	4.40
33/5-2	1981-07-31	0.00	0.00	0.00
VEGA	1981-08-30	0	0	0
ÅSGARD	1981-09-13	0	0	0
15/9-10	1981-09-15	0.00	0.00	0.00
15/3-4	1981-10-03	0.00	0.00	0.00
MARTIN LINGE	1981-10-12	6.00	19.70	29.40
34/4-3	1981-10-16	0.00	0.00	0.00
TROLL	1981-10-26	0	0	0
15/2-1	1981-11-26	0.00	0.00	0.00
35/3-5	1981-12-22	0.00	0.00	0.00
16/7-2	1982-01-11	0.00	0.00	0.00
MIME	1982-02-09	0	0	0
25/2-7	1982-04-01	0.00	0.00	0.00
2/2-1	1982-04-09	0.00	0.00	0.00
6507/11-2	1982-04-18	0.00	0.00	0.00
7117/9-1	1982-04-20	0.00	0.00	0.00
15/9-14	1982-05-01	0.00	0.00	0.00
HULDRA	1982-05-17	5.10	17.20	22.40
GUNGNE	1982-05-28	0.00	14.70	21.40
6407/2-1	1982-06-03	0.00	0.00	0.00
16/7-3	1982-06-11	0.00	0.00	0.00
30/6-8	1982-06-15	0.00	0.00	0.00
31/2-8	1982-06-16	0.00	0.00	0.00
2/2-2	1982-07-04	0.00	0.00	0.00
6507/10-1	1982-07-10	0.00	0.00	0.00
SNØHVIT	1982-07-25	0	0	0
16/1-3	1982-07-29	0.00	0.00	0.00
SNØHVIT	1982-07-31	0.00	225.10	261.50
7/11-6	1982-08-09	0.00	0.00	0.00
TAMBAR	1982-08-22	9.50	2.00	12.00
OSEBERG	1982-08-28	0	0	0
8/3-2	1982-10-04	0.00	0.00	0.00
SIGYN	1982-10-15	0.00	6.50	15.60
6407/1-1	1982-10-19	0.00	0.00	0.00
2/6-3	1982-11-09	0.00	0.00	0.00
2/1-5	1982-11-13	0.00	0.00	0.00
TYRIHANS	1982-11-13	33.10	42.50	84.10
30/11-3	1982-11-17	0.00	0.00	0.00
SLEIPNER ØST	1982-12-09	0	0	0
30/6-11	1982-12-20	0.00	0.00	0.00
COD	1982-12-29	0	0	0
2/2-3	1983-02-04	0.00	0.00	0.00
TAMBAR	1983-02-15	0	0	0
GULLFAKS SØR	1983-02-22	0	0	0
7120/12-3	1983-03-16	0.00	0.00	0.00
30/3-3	1983-04-02	0.00	0.00	0.00
6610/7-1	1983-04-18	0.00	0.00	0.00
7117/9-2	1983-05-07	0.00	0.00	0.00
6609/11-1	1983-05-19	0.00	0.00	0.00
7119/12-3	1983-05-20	0.00	0.00	0.00
SNØHVIT	1983-05-26	0	0	0
6609/7-1	1983-06-21	0.00	0.00	0.00
7119/7-1	1983-07-12	0.00	0.00	0.00
TROLL	1983-07-15	0	0	0
34/10-18	1983-07-16	0.00	0.00	0.00
6609/10-1	1983-08-02	0.00	0.00	0.00
2/5-7	1983-08-11	0.00	0.00	0.00
6610/7-2	1983-08-28	0.00	0.00	0.00
7/8-3	1983-09-12	0.00	0.00	0.00
TYRIHANS	1983-09-17	0	0	0
7/11-8	1983-09-22	0.00	0.00	0.00
31/6-3	1983-11-01	0.00	0.00	0.00
34/4-5	1983-11-13	0.00	0.00	0.00
15/9-18	1983-12-16	0.00	0.00	0.00
OSEBERG ØST	1983-12-17	0	0	0
34/10-20	1983-12-23	0.00	0.00	0.00
OSEBERG SØR	1983-12-31	64.10	16.70	82.40
30/11-4	1984-01-25	0.00	0.00	0.00
7120/12-4	1984-02-18	0.00	0.00	0.00
7120/7-3	1984-03-18	0.00	0.00	0.00
ULA	1984-03-24	0	0	0
6406/3-1	1984-04-27	0.00	0.00	0.00
OSEBERG	1984-05-02	0	0	0
35/11-1	1984-05-23	0.00	0.00	0.00
2/3-4	1984-05-28	0.00	0.00	0.00
DRAUGEN	1984-06-26	148.20	1.70	152.70
7119/9-1	1984-06-28	0.00	0.00	0.00
16/7-5	1984-07-02	0.00	0.00	0.00
SNØHVIT	1984-08-06	0	0	0
6507/7-1	1984-08-10	0.00	0.00	0.00
7120/10-1	1984-08-10	0.00	0.00	0.00
ÅSGARD	1984-08-16	102.40	206.70	364.30
34/7-2	1984-09-02	0.00	0.00	0.00
2/1-7	1984-09-06	0.00	0.00	0.00
16/4-1	1984-09-08	0.00	0.00	0.00
VARG	1984-09-13	16.10	1.00	17.40
6407/6-1	1984-09-16	0.00	0.00	0.00
COD	1984-09-29	0	0	0
1/3-5	1984-10-01	0.00	0.00	0.00
31/3-3	1984-10-13	0.00	0.00	0.00
GAUPE	1984-11-02	0.20	0.40	0.60
6609/5-1	1984-11-03	0.00	0.00	0.00
30/6-16	1984-11-09	0.00	0.00	0.00
OSEBERG SØR	1984-11-22	0	0	0
7/8-4	1984-12-11	0.00	0.00	0.00
SNØHVIT	1985-01-29	0	0	0
24/6-1 PEIK	1985-02-09	0.00	0.00	0.00
6506/12-2	1985-02-12	0.00	0.00	0.00
HEIDRUN	1985-02-25	183.30	47.30	232.80
ÅSGARD	1985-03-02	0	0	0
34/2-4	1985-03-22	0.00	0.00	0.00
6506/12-4	1985-03-24	0.00	0.00	0.00
7120/5-1	1985-04-17	0.00	0.00	0.00
7120/2-1	1985-05-05	0.00	0.00	0.00
VALEMON	1985-05-06	4.60	23.60	29.40
OSEBERG SØR	1985-05-27	0	0	0
6407/4-1	1985-07-20	0.00	0.00	0.00
OSEBERG	1985-08-01	0	0	0
OSEBERG	1985-08-12	0	0	0
6406/6-1	1985-08-15	0.00	0.00	0.00
6507/12-3	1985-08-16	0.00	0.00	0.00
7120/1-1	1985-08-16	0.00	0.00	0.00
6407/6-2	1985-10-04	0.00	0.00	0.00
7121/1-1	1985-10-10	0.00	0.00	0.00
NJORD	1985-10-19	27.50	13.80	44.40
VISUND	1985-11-11	34.90	52.30	93.40
OSEBERG	1985-11-14	0	0	0
6/3-2	1985-11-21	0.00	0.00	0.00
7/11-9	1985-11-26	0.00	0.00	0.00
25/2-10 S	1985-12-02	14.42	0.00	14.42
7120/1-1 R	1985-12-02	0.00	0.00	0.00
25/6-1	1985-12-18	0.00	0.00	0.00
OSEBERG	1986-02-04	0	0	0
VIGDIS	1986-02-05	69.40	1.90	72.50
30/6-20	1986-03-10	0.00	0.00	0.00
7120/1-1 R2	1986-03-13	0.00	0.00	0.00
7121/1-1 R	1986-03-18	0.00	0.00	0.00
OSEBERG ØST	1986-04-09	0	0	0
25/7-1 S	1986-04-14	0.00	0.00	0.00
2/11-7	1986-04-16	0.00	0.00	0.00
6407/6-2 R	1986-05-08	0.00	0.00	0.00
29/3-1	1986-05-20	0.00	0.00	0.00
16/10-1	1986-05-25	0.00	0.00	0.00
7121/5-2 BETA	1986-05-26	0.00	0.00	0.00
6407/6-2 R2	1986-06-13	0.00	0.00	0.00
6507/6-1	1986-06-15	0.00	0.00	0.00
6507/2-1	1986-06-24	0.00	0.00	0.00
6406/3-2 TRESTAKK	1986-06-28	8.84	1.68	10.94
SNØHVIT	1986-07-07	0	0	0
6607/12-1	1986-07-19	0.00	0.00	0.00
6608/11-1	1986-07-19	0.00	0.00	0.00
9/3-1	1986-07-29	0.00	0.00	0.00
25/1-9	1986-09-09	0.00	0.00	0.00
34/8-2	1986-10-04	0.00	0.00	0.00
2/12-1 MJØLNER	1986-10-14	3.00	0.81	3.89
MIKKEL	1986-12-13	5.90	31.00	47.50
YME	1987-02-21	18.50	0.00	18.50
OSEBERG SØR	1987-03-08	0	0	0
6508/5-1	1987-04-22	0.00	0.00	0.00
6407/10-1	1987-05-07	0.00	0.00	0.00
1/9-1 TOMMELITEN ALPHA	1987-05-08	0	0	0
26/4-1	1987-05-08	0.00	0.00	0.00
FRØY	1987-05-12	5.60	1.60	7.30
6507/11-4	1987-05-16	0.00	0.00	0.00
7124/3-1	1987-05-29	0.00	0.00	0.00
6607/5-1	1987-06-09	0.00	0.00	0.00
7321/8-1	1987-06-23	0.00	0.00	0.00
VEGA	1987-07-20	0	0	0
9/2-2	1987-08-08	0.00	0.00	0.00
6201/11-1	1987-08-13	0.00	0.00	0.00
6507/8-2	1987-08-15	0.00	0.00	0.00
7122/6-1	1987-09-06	0.00	3.69	3.87
6406/8-1	1987-09-15	0.00	0.00	0.00
25/2-10 S	1987-09-16	0	0	0
34/7-11	1987-10-02	0.00	0.00	0.00
TORDIS	1987-10-11	63.20	4.80	69.80
EMBLA	1987-10-15	0	0	0
7226/11-1	1987-10-22	0.00	0.00	0.00
7219/9-1	1987-11-17	0.00	0.00	0.00
6407/5-1	1987-12-11	0.00	0.00	0.00
6506/11-1	1987-12-30	0.00	0.00	0.00
6406/3-5	1988-04-03	0.00	0.00	0.00
7224/7-1	1988-04-13	0.00	0.00	0.00
25/1-10	1988-04-19	0.00	0.00	0.00
6407/9-7	1988-04-26	0.00	0.00	0.00
7321/7-1	1988-06-26	0.00	0.00	0.00
35/8-3	1988-07-06	0.00	2.65	3.23
2/4-13	1988-09-03	0.00	0.00	0.00
6507/8-3	1988-09-03	0.00	0.00	0.00
6408/4-1	1988-09-18	0.00	0.00	0.00
2/4-14	1988-10-06	0.00	0.00	0.00
7321/9-1	1988-10-25	0.00	0.00	0.00
OSEBERG SØR	1988-11-02	0	0	0
2/8-12 S	1988-11-07	0.00	0.00	0.00
7125/1-1	1988-11-30	0.00	0.00	0.00
7120/1-2	1989-01-01	0.00	0.00	0.00
2/4-15 S	1989-01-31	0.00	0.00	0.00
33/12-7	1989-02-22	0.00	0.00	0.00
BLANE	1989-03-20	0.90	0.00	0.90
GJØA	1989-04-01	11.80	34.10	54.90
6608/10-1	1989-04-15	0.00	0.00	0.00
2/8-13	1989-04-29	0.00	0.00	0.00
2/4-14 R	1989-05-01	0.00	0.00	0.00
7324/10-1	1989-06-03	0.00	0.00	0.00
35/11-3 S	1989-06-27	0.00	0.00	0.00
GJØA	1989-07-03	0	0	0
25/3-1	1989-07-05	0.00	0.00	0.00
16/3-3	1989-07-24	0.00	0.00	0.00
7228/2-1 S	1989-08-21	0.00	0.00	0.00
2/9-3	1989-09-13	0.00	0.00	0.00
TRYM	1989-09-20	1.70	4.00	5.70
OSEBERG SØR	1989-09-26	0	0	0
6205/3-1	1989-10-24	0.00	0.00	0.00
YME	1989-12-04	0	0	0
7228/9-1 S	1989-12-22	0.00	0.00	0.00
7/7-1	1989-12-30	0.00	0.00	0.00
2/7-19	1990-01-15	0	0	0
SKIRNE	1990-01-27	2.30	10.30	12.60
25/7-2	1990-02-08	0.00	0.00	0.00
2/4-14 R2	1990-04-06	0.00	0.00	0.00
2/6-4 S	1990-04-08	0.00	0.00	0.00
6407/10-2	1990-05-03	0.00	0.00	0.00
OSEBERG	1990-05-09	0	0	0
ALVE	1990-05-12	1.70	5.40	8.10
2/7-22	1990-05-17	0.00	0.00	0.00
34/7-15 S	1990-05-23	0.00	0.00	0.00
HEIDRUN	1990-06-14	0	0	0
16/4-2	1990-06-29	0.00	0.00	0.00
1/6-5	1990-07-20	0.00	0.00	0.00
7120/10-2	1990-07-20	0.00	0.00	0.00
OSEBERG SØR	1990-07-31	0	0	0
2/8-14	1990-08-14	0.00	0.00	0.00
FRAM	1990-08-18	32.50	8.80	42.10
6306/10-1	1990-09-07	0.00	0.00	0.00
6205/3-1 R	1990-09-20	0.00	0.00	0.00
6406/11-1 S	1990-10-19	0.00	0.00	0.00
30/9-11	1990-10-27	0.00	0.00	0.00
15/12-7 S	1990-11-06	0.00	0.00	0.00
2/7-24	1990-11-07	0.00	0.00	0.00
30/9-11 A	1990-11-20	0.00	0.00	0.00
VISUND	1990-12-06	0	0	0
6406/12-1 S	1990-12-15	0.00	0.00	0.00
SKIRNE	1990-12-22	0	0	0
GJØA	1991-01-01	0	0	0
6201/11-2	1991-01-11	0.00	0.00	0.00
7120/2-2	1991-01-27	0.00	0.00	0.00
6507/8-5	1991-03-02	0.00	0.00	0.00
OSELVAR	1991-03-11	2.60	1.70	4.30
2/11-8	1991-04-03	0.00	0.00	0.00
GULLFAKS	1991-04-10	0	0	0
GYDA	1991-04-15	0	0	0
VALE	1991-04-15	2.60	2.40	5.00
TOMMELITEN GAMMA	1991-04-21	0	0	0
6507/6-2	1991-04-27	0.00	0.00	0.00
SLEIPNER ØST	1991-04-28	0	0	0
2/4-16	1991-05-07	0.00	0.00	0.00
6506/11-2 LANGE	1991-05-08	0.54	0.24	0.84
15/12-8	1991-06-05	0.00	0.00	0.00
16/10-2	1991-06-20	0.00	0.00	0.00
35/11-5	1991-06-27	0.00	0.00	0.00
OSEBERG SØR	1991-07-05	0	0	0
7/12-5	1991-07-08	0	0	0
34/7-18	1991-07-20	0.00	0.00	0.00
2/4-17 TJALVE	1991-07-21	0.59	0.84	1.43
6305/12-1	1991-07-29	0.00	0.00	0.00
35/10-1	1991-08-01	0.00	0.00	0.00
6607/5-2	1991-08-07	0.00	0.00	0.00
7128/6-1	1991-08-11	0.00	0.00	0.00
7/12-11	1991-08-31	0.00	0.00	0.00
2/5-9	1991-09-10	0.00	0.00	0.00
34/8-6	1991-09-21	0.00	0.00	0.00
30/6-24 S	1991-10-13	0.00	0.00	0.00
EMBLA	1991-10-14	0	0	0
MARULK	1991-10-21	0.50	7.20	8.40
NORNE	1991-10-28	91.00	11.30	103.80
2/2-5	1991-11-07	0.00	0.00	0.00
2/1-10	1991-11-09	0.00	0.00	0.00
GRANE	1991-11-10	131.80	0.00	131.80
7122/4-1	1991-11-13	0.00	0.00	0.00
3/7-5	1991-12-06	0.00	0.00	0.00
30/10-6	1992-01-13	0.00	0.00	0.00
BRYNHILD	1992-01-20	3.60	0.00	3.60
1/6-6	1992-02-10	0.00	0.00	0.00
35/12-1	1992-02-27	0.00	0.00	0.00
1/6-7	1992-03-16	0.00	0.00	0.00
34/8-7	1992-03-21	0.00	0.00	0.00
6407/8-1	1992-03-27	0.00	0.00	0.00
33/9-15	1992-04-23	0.00	0.00	0.00
25/6-2	1992-04-26	0.00	0.00	0.00
6407/10-3	1992-05-29	0.00	0.00	0.00
2/4-16 R	1992-06-04	0.00	0.00	0.00
10/7-1	1992-06-28	0.00	0.00	0.00
SVALIN	1992-06-29	12.30	0.00	12.30
6506/11-3	1992-07-08	0.00	0.00	0.00
34/7-20	1992-07-18	0.00	0.00	0.00
7316/5-1	1992-07-21	0.00	0.00	0.00
FRAM	1992-07-23	0	0	0
25/8-4	1992-07-25	11.40	0.00	11.40
6407/9-8	1992-08-14	0.00	0.00	0.00
30/10-7	1992-09-08	0.00	0.00	0.00
7219/8-1 S	1992-10-05	0.00	0.00	0.00
7122/2-1	1992-10-07	0.00	0.00	0.00
TORDIS	1992-10-19	0	0	0
6610/3-1	1992-10-29	0.00	0.00	0.00
25/2-15	1992-11-14	0.00	0.00	0.00
VOLVE	1992-11-18	9.50	0.90	10.70
34/8-7	1992-11-19	0	0	0
33/9-16	1992-11-28	0.00	0.00	0.00
25/2-15 R	1993-02-06	0.00	0.00	0.00
2/10-2	1993-02-16	0.00	0.00	0.00
VOLVE	1993-02-17	0	0	0
25/11-17	1993-03-01	0.00	0.00	0.00
25/2-15 R2	1993-03-06	0.00	0.00	0.00
16/1-4	1993-03-17	0.00	0.00	0.00
15/6-7	1993-04-24	0.00	0.00	0.00
2/4-18	1993-04-26	0.00	0.00	0.00
2/5-10	1993-05-23	0.00	0.00	0.00
7/4-1	1993-07-05	0.00	0.00	0.00
2/11-9	1993-07-24	0.00	0.00	0.00
7229/11-1	1993-08-09	0.00	0.00	0.00
TORDIS	1993-08-15	0	0	0
2/5-10 A	1993-08-27	0.00	0.00	0.00
6507/8-6	1993-08-29	0.00	0.00	0.00
6610/3-1 R	1993-09-16	0.00	0.00	0.00
2/7-29	1993-09-18	0.00	0.00	0.00
6507/7-10	1993-09-28	0.00	0.00	0.00
6305/12-2	1993-10-16	0.00	0.00	0.00
VOLUND	1993-12-07	9.90	0.90	10.80
OSEBERG SØR	1993-12-07	0	0	0
NORNE	1993-12-15	0	0	0
7128/4-1	1993-12-17	0.00	0.00	0.00
VESLEFRIKK	1993-12-26	0	0	0
30/12-1	1994-01-06	0.00	0.00	0.00
3/4-1	1994-01-11	0.00	0.00	0.00
GUNGNE	1994-02-16	0	0	0
2/4-18 R	1994-02-19	0.00	0.00	0.00
VIGDIS	1994-02-22	0	0	0
HOD	1994-02-28	0	0	0
6507/2-3	1994-03-14	0.00	0.00	0.00
33/9-17	1994-04-02	0.00	0.00	0.00
OSEBERG ØST	1994-05-15	0	0	0
34/4-8	1994-05-22	0.00	0.00	0.00
OSEBERG SØR	1994-06-14	0	0	0
6306/6-1	1994-06-22	0.00	0.00	0.00
KVITEBJØRN	1994-07-07	27.80	90.70	130.50
JOTUN	1994-07-21	0	0	0
6204/11-1	1994-10-12	0.00	0.00	0.00
6407/8-2	1994-10-19	0.00	0.00	0.00
6406/2-1 LAVRANS	1994-10-30	2.43	9.33	12.53
TUNE	1994-11-01	3.30	18.50	22.00
33/9-18	1994-11-16	0.00	0.00	0.00
33/9-18 A	1994-12-21	0.00	0.00	0.00
GULLFAKS SØR	1995-01-26	0	0	0
2/7-30	1995-02-27	0.00	0.00	0.00
30/9-17	1995-03-03	0.00	0.00	0.00
30/9-18	1995-03-14	0.00	0.00	0.00
25/9-1	1995-03-28	0.00	0.00	0.00
30/9-17 R	1995-04-11	0.00	0.00	0.00
34/10-39 S	1995-05-31	0.00	0.00	0.00
17/3-1	1995-06-29	0.00	0.00	0.00
6608/10-5	1995-07-05	0.00	0.00	0.00
25/8-7	1995-07-21	0.00	0.00	0.00
JOTUN	1995-07-27	23.60	1.10	24.70
34/10-40 S	1995-08-13	0.00	0.00	0.00
6406/2-1 LAVRANS	1995-08-21	0	0	0
JOTUN	1995-08-22	0	0	0
GLITNE	1995-08-31	8.90	0.00	8.90
6406/12-2	1995-09-01	0.00	0.00	0.00
VESLEFRIKK	1995-09-21	0	0	0
25/11-20	1995-10-08	0.00	0.00	0.00
7/12-12 S	1995-10-09	0.00	0.00	0.00
25/5-5	1995-10-27	0.00	0.00	0.00
6204/10-1	1995-10-28	0.00	0.00	0.00
TUNE	1995-11-14	0	0	0
2/8-15	1995-11-27	0.00	0.00	0.00
30/8-2	1995-12-15	0.00	0.00	0.00
25/10-6 S	1995-12-26	0.00	0.00	0.00
34/11-2 S NØKKEN	1996-01-16	1.71	3.89	6.08
FRAM	1996-03-03	0	0	0
GJØA	1996-03-31	0	0	0
35/10-2	1996-04-16	0.00	2.80	3.36
31/2-19 S	1996-05-08	0.00	0.00	0.00
25/10-7 S	1996-05-20	0.00	0.00	0.00
24/12-3 S	1996-06-27	0.00	0.00	0.00
SYGNA	1996-06-29	11.20	0.00	11.20
TORDIS	1996-07-31	0	0	0
YME	1996-08-19	0	0	0
KRISTIN	1996-08-24	22.90	28.80	59.80
6610/2-1 S	1996-08-27	0.00	0.00	0.00
36/4-1	1996-09-03	0.00	0.00	0.00
6610/3-1 R2	1996-10-01	0.00	0.00	0.00
3/7-6	1996-10-08	0.00	0.00	0.00
32/4-1	1996-10-21	0.00	0.00	0.00
16/10-3	1996-10-22	0.00	0.00	0.00
33/6-2	1996-10-28	0.00	0.00	0.00
2/6-5	1996-11-17	0.00	0.00	0.00
30/11-5	1996-12-05	0.61	1.88	3.46
1/3-8	1996-12-12	0.00	0.00	0.00
35/4-1	1996-12-23	0.00	0.00	0.00
25/8-9	1997-01-05	0.00	0.00	0.00
2/1-11	1997-01-14	0.00	0.00	0.00
6204/10-2	1997-01-19	0.00	0.00	0.00
6608/8-1	1997-02-01	0.00	0.00	0.00
2/8-16 S	1997-02-08	0.00	0.00	0.00
HANZ	1997-02-17	0.00	0.00	0.00
15/6-8 S	1997-02-18	0.00	0.00	0.00
15/6-8 A	1997-04-05	0.00	0.00	0.00
6507/3-2	1997-04-06	0.00	0.00	0.00
15/12-11 S	1997-04-10	0.00	0.00	0.00
AASTA HANSTEEN	1997-04-19	0	0	0
YME	1997-04-22	0	0	0
BALDER	1997-04-29	0	0	0
6407/8-3	1997-05-13	0.00	0.00	0.00
25/7-4 S	1997-06-02	0.00	0.00	0.00
6306/5-1	1997-06-08	0.00	0.00	0.00
9/2-8 S	1997-06-24	0.00	0.00	0.00
6507/7-11 S	1997-06-25	0.00	0.00	0.00
16/7-6	1997-06-27	0.00	0.00	0.00
34/10-41 S	1997-07-13	0.00	0.00	0.00
ALVHEIM	1997-07-16	0	0	0
VOLVE	1997-07-18	0	0	0
JOTUN	1997-07-27	0	0	0
ORMEN LANGE	1997-07-27	0.00	314.60	332.00
6510/2-1	1997-08-16	0.00	0.00	0.00
36/7-2	1997-09-02	0.00	0.00	0.00
2/5-11	1997-09-06	0.00	0.00	0.00
35/9-3	1997-09-23	0.00	0.00	0.00
6706/11-1	1997-10-12	0.00	0.00	0.00
VESLEFRIKK	1997-10-13	0	0	0
BALDER	1997-10-16	0	0	0
SIGYN	1997-10-20	0	0	0
6204/10-2	1997-11-04	0	0	0
6510/2-1 R	1997-11-05	0.00	0.00	0.00
30/8-3	1997-11-13	0.00	0.00	0.00
2/8-17 S	1997-12-04	0.00	0.00	0.00
6204/11-2	1997-12-06	0.00	0.00	0.00
SKARV	1997-12-24	0	0	0
34/7-28	1997-12-30	0.00	0.00	0.00
25/11-22	1998-01-07	0.00	0.00	0.00
2/8-17 A	1998-01-18	0.00	0.00	0.00
6505/10-1	1998-03-28	0.00	0.00	0.00
VESLEFRIKK	1998-05-20	0	0	0
ALVHEIM	1998-05-25	41.20	7.30	48.50
1/5-3 S	1998-06-10	0.00	0.00	0.00
16/10-4	1998-07-11	0.00	0.00	0.00
6305/1-1	1998-08-18	0.00	0.00	0.00
6406/2-6 RAGNFRID	1998-08-25	0.00	0.00	0.00
34/7-27	1998-09-01	0.00	0.00	0.00
OSEBERG	1998-09-09	0	0	0
16/1-5	1998-10-12	0.00	0.00	0.00
16/1-5 A	1998-11-21	0.00	0.00	0.00
30/6-25 S	1998-11-26	0.00	0.00	0.00
15/3-6	1998-12-14	0.00	0.00	0.00
SKARV	1998-12-23	13.90	44.50	63.80
2/1-12	1999-01-08	0.00	0.00	0.00
2/7-31	1999-01-13	0.00	0.00	0.00
6704/12-1	1999-06-04	0.00	0.00	0.00
6407/9-9	1999-06-22	0.00	0.09	0.13
35/10-3	1999-06-23	0.00	0.00	0.00
YME	1999-06-29	0	0	0
35/8-4	1999-07-04	0.00	0.00	0.00
6507/7-12	1999-07-17	0.00	0.00	0.00
6508/1-1 S	1999-07-25	0.00	0.00	0.00
6508/1-1 A	1999-08-29	0.00	0.00	0.00
6406/2-7 ERLEND	1999-09-22	0.88	1.02	2.13
25/6-3	1999-10-21	0.00	0.00	0.00
34/4-10	2000-02-12	4.80	0.70	5.50
URD	2000-02-29	6.90	0.10	7.00
34/4-10	2000-03-13	0	0	0
35/11-12	2000-04-19	0.00	0.00	0.00
30/3-9	2000-04-24	0.00	0.00	0.00
SKARV	2000-05-15	0	0	0
6406/2-6 RAGNFRID	2000-05-17	0	0	0
3/6-1	2000-06-20	0.00	0.00	0.00
31/5-6	2000-07-05	0.00	0.00	0.00
6506/6-1	2000-07-10	0.00	26.79	26.79
7216/11-1 S	2000-07-24	0.00	0.00	0.00
BRAGE	2000-07-27	0	0	0
GOLIAT	2000-09-16	30.20	7.30	37.80
6710/10-1	2000-10-05	0.00	0.00	0.00
7019/1-1	2000-10-06	0.00	0.00	0.00
NJORD	2000-10-18	0	0	0
6608/11-2 FALK	2000-10-28	0.00	0.00	0.00
URD	2000-11-27	0	0	0
16/4-3	2000-12-05	0.00	0.00	0.00
7228/7-1 S	2000-12-05	0.00	0.00	0.00
6507/7-13	2000-12-12	0.91	0.05	0.96
REV	2000-12-25	0.70	2.70	3.40
7228/7-1	2001-01-08	0.00	0.00	0.00
MORVIN	2001-01-25	10.50	4.70	16.60
7121/5-3	2001-02-16	0.00	0.00	0.00
GULLFAKS SØR	2001-02-25	0	0	0
6406/1-1 ERLEND N.	2001-04-05	0.00	0.00	0.00
GULLFAKS SØR	2001-05-30	0	0	0
6507/11-6 SIGRID	2001-06-13	0.36	1.92	2.61
6305/9-1	2001-07-09	0.00	0.00	0.00
6506/3-1	2001-07-22	0.00	0.00	0.00
25/2-16 S	2001-08-03	0.00	0.00	0.00
URD	2001-08-13	0	0	0
24/12-4	2001-08-31	0.00	0.00	0.00
OSEBERG	2001-09-15	0	0	0
16/2-2	2001-09-17	0.00	0.00	0.00
GULLFAKS	2001-10-06	0	0	0
OSEBERG	2001-10-08	0	0	0
34/7-32	2001-10-09	0.00	0.00	0.00
25/8-13	2001-10-31	0.00	0.00	0.00
GULLFAKS	2001-11-03	0	0	0
VESLEFRIKK	2001-11-05	0	0	0
GIMLE	2001-11-06	3.00	1.40	4.70
GULLFAKS	2001-11-13	0	0	0
2/5-12	2001-11-24	0.00	0.00	0.00
6404/11-1	2001-12-01	0.00	0.00	0.00
36/7-3	2001-12-12	0.00	0.00	0.00
6406/5-1	2001-12-23	0.00	0.00	0.00
URD	2001-12-29	0	0	0
OSEBERG SØR	2002-01-09	0	0	0
GULLFAKS	2002-02-01	0	0	0
35/3-6	2002-02-06	0.00	0.00	0.00
GULLFAKS SØR	2002-03-26	0	0	0
1/5-4 S	2002-04-15	0.00	0.00	0.00
GULLFAKS SØR	2002-04-26	61.00	68.60	139.30
35/1-1	2002-05-28	0.00	0.00	0.00
OSEBERG SØR	2002-07-12	0	0	0
34/6-1 S	2002-07-18	0.00	0.00	0.00
GULLFAKS SØR	2002-09-22	0	0	0
6403/10-1	2002-10-24	0.00	0.00	0.00
34/10-47 A	2002-11-02	0.00	0.00	0.00
6608/11-3	2002-11-26	0.00	0.00	0.00
TROLL	2002-11-27	0	0	0
16/7-8 S	2002-12-17	0.00	0.00	0.00
URD	2003-01-23	0	0	0
ALVHEIM	2003-03-21	0	0	0
1/9-1 TOMMELITEN ALPHA	2003-03-22	0	0	0
ALVHEIM	2003-04-22	0	0	0
6706/6-1	2003-05-02	0.00	0.00	0.00
16/1-6 S	2003-05-22	0.00	0.00	0.00
35/8-5 S	2003-06-01	0.00	0.00	0.00
6405/7-1 ELLIDA	2003-06-20	0.00	0.00	0.00
6406/1-2	2003-06-26	0.00	0.00	0.00
6608/10-10	2003-07-17	0.00	0.00	0.00
25/9-2 S	2003-07-18	0.00	0.00	0.00
RINGHORNE ØST	2003-08-21	13.90	0.30	14.20
VILJE	2003-09-05	13.40	0.00	13.40
VALE	2003-09-09	0	0	0
2/4-15 SR	2003-10-03	0.00	0.00	0.00
GULLFAKS	2003-10-10	0	0	0
6507/8-7	2004-01-05	0.00	0.00	0.00
GIMLE	2004-03-17	0	0	0
26/4-2	2004-04-13	0.00	0.00	0.00
IVAR AASEN	2004-04-29	18.30	4.70	24.10
6608/11-4 LINERLE	2004-05-01	0.00	0.00	0.00
30/11-6 S	2004-06-03	0.00	0.00	0.00
6406/9-1 LINNORM	2004-06-15	0.00	24.35	24.93
6507/1-1	2004-09-25	0.00	0.00	0.00
15/12-15	2004-11-19	0.00	0.00	0.00
7220/6-1	2005-01-20	0.00	0.00	0.00
31/4-12	2005-02-06	0.00	0.00	0.00
35/11-13	2005-03-18	3.42	0.61	4.07
7131/4-1	2005-04-02	0.00	0.00	0.00
6605/8-1	2005-06-14	0.00	0.00	0.00
6302/6-1	2005-06-24	0.00	0.00	0.00
35/2-1	2005-07-21	0.00	19.54	19.54
9/3-2	2005-10-23	0.00	0.00	0.00
GOLIAT	2005-10-24	0	0	0
1/2-2	2005-12-14	0.00	0.00	0.00
15/9-22	2006-01-01	0.00	0.00	0.00
9/4-5	2006-01-08	0.00	0.00	0.00
7227/11-1 S	2006-01-13	0.00	0.00	0.00
7227/11-1 A	2006-02-24	0.00	0.00	0.00
GULLFAKS SØR	2006-03-20	0	0	0
6403/6-1	2006-04-10	0.00	0.00	0.00
34/10-49 A	2006-05-21	0.00	0.00	0.00
35/2-1	2006-06-15	0	0	0
6608/11-5	2006-06-18	0.00	0.00	0.00
URD	2006-07-12	0	0	0
6406/3-7	2006-07-22	0.00	0.00	0.00
GOLIAT	2006-09-21	0	0	0
6406/6-2	2006-09-23	0.00	0.00	0.00
6406/8-2	2006-10-28	0.00	0.00	0.00
7122/7-5	2006-11-28	0.00	0.00	0.00
6507/11-7	2006-12-13	0.00	0.00	0.00
16/4-4	2006-12-28	0.00	0.00	0.00
7125/4-1	2007-01-17	0.00	0.00	0.00
6607/2-1	2007-02-09	0.00	0.00	0.00
25/11-24	2007-02-18	0.00	0.00	0.00
6504/5-1 S	2007-03-31	0.00	0.00	0.00
FRAM H-NORD	2007-04-01	1.70	0.00	1.70
YTTERGRYTA	2007-05-31	0.30	2.30	3.00
6405/10-1	2007-07-05	0.00	0.00	0.00
24/9-8	2007-07-18	0.00	0.00	0.00
16/2-3	2007-08-01	2.90	0.40	3.30
NJORD	2007-08-03	0	0	0
11/5-1	2007-08-07	0.00	0.00	0.00
7/7-4	2007-08-29	0.00	0.00	0.00
15/12-18 S	2007-09-05	0.00	0.00	0.00
EDVARD GRIEG	2007-09-08	26.20	1.80	28.60
6609/6-1	2007-09-17	0.00	0.00	0.00
2/4-20	2007-09-22	0.00	0.00	0.00
16/2-4	2007-10-08	1.37	0.18	2.31
6608/8-2	2007-10-14	0.00	0.00	0.00
34/12-1	2007-11-03	1.24	11.21	13.39
15/12-18 A	2007-11-08	0.00	0.00	0.00
7120/8-4	2007-11-14	0.00	0.00	0.00
31/1-1	2008-01-02	0.00	0.00	0.00
6407/6-6 MIKKEL SØR	2008-01-02	0.63	2.15	3.33
7222/6-1 S	2008-01-07	0.00	0.00	0.00
SVALIN	2008-01-20	0	0	0
25/11-25 A	2008-02-15	0.00	0.00	0.00
GAUPE	2008-02-18	0	0	0
IVAR AASEN	2008-02-19	0	0	0
ALVE	2008-02-28	0	0	0
6507/11-9	2008-03-12	0.00	0.00	0.00
OSEBERG	2008-03-13	0	0	0
2/9-4	2008-03-20	0.00	0.00	0.00
7/1-2 S	2008-03-20	0.00	0.00	0.00
6407/8-4 S	2008-04-20	0.00	0.00	0.00
KNARR	2008-04-28	11.20	0.40	12.70
30/2-4 S	2008-05-01	0.00	0.00	0.00
30/9-21 A	2008-05-04	0.00	0.00	0.00
6605/8-2	2008-05-11	0.00	0.00	0.00
7226/2-1	2008-05-18	0.00	0.00	0.00
6407/8-4 A	2008-05-22	0.00	0.00	0.00
1/3-11	2008-05-28	0.00	0.00	0.00
VARG	2008-05-28	0	0	0
32/2-1	2008-06-18	0.00	0.00	0.00
6407/7-8	2008-06-18	0.49	2.03	2.80
AASTA HANSTEEN	2008-07-12	0.00	45.10	46.00
6608/11-6	2008-07-17	0.00	0.00	0.00
7224/6-1	2008-07-22	0.00	0.00	0.00
34/7-33	2008-08-16	0.00	0.00	0.00
7222/11-1	2008-08-24	0.00	0.00	0.00
AASTA HANSTEEN	2008-08-31	0	0	0
3/7-7	2008-09-03	0.00	0.00	0.00
VISUND SØR	2008-09-17	2.70	7.70	11.30
2/5-13	2008-09-25	0.00	0.00	0.00
6707/10-2 A	2008-10-14	0.00	0.00	0.00
SKULD	2008-10-19	9.50	0.80	10.40
6507/6-3	2008-10-31	0.00	0.00	0.00
2/1-13 S	2008-11-07	0.00	0.00	0.00
30/11-7	2008-11-12	0.87	5.48	6.35
30/8-4 S	2008-11-29	0.00	0.00	0.00
7223/5-1	2008-12-05	0.00	0.00	0.00
2/1-14 S	2008-12-07	0.00	0.00	0.00
6605/1-1	2008-12-07	0.00	0.00	0.00
2/5-14 S	2008-12-30	0.00	0.00	0.00
OSEBERG SØR	2009-01-29	0	0	0
35/6-1 S	2009-02-04	0.00	0.00	0.00
6705/10-1	2009-02-05	0.00	17.81	18.11
30/5-3 S	2009-02-06	0.44	5.49	5.93
15/6-10	2009-02-07	0.00	0.00	0.00
35/6-2 S	2009-02-11	0.00	0.00	0.00
VIGDIS	2009-02-14	0	0	0
16/2-5	2009-02-22	0.00	1.90	2.10
15/12-21	2009-03-15	7.69	0.11	7.80
VISUND	2009-03-17	0	0	0
6603/12-1	2009-03-26	0.00	0.00	0.00
25/8-16 S	2009-04-10	0.00	0.00	0.00
6407/6-7 S MIKKEL SØR	2009-04-12	0.00	0.00	0.00
30/5-3 A	2009-04-15	0.00	0.00	0.00
HYME	2009-05-02	0	0	0
34/8-13 S	2009-05-14	0.00	0.00	0.00
6507/3-6	2009-05-29	0.00	0.00	0.00
35/12-2	2009-05-30	4.80	0.74	5.54
HYME	2009-05-30	3.50	0.60	4.20
ÅSGARD	2009-06-01	0	0	0
6507/3-7	2009-06-02	0.00	0.80	0.80
25/10-9	2009-06-09	0.00	0.00	0.00
35/3-7 S	2009-06-28	0.00	0.00	0.00
6407/2-4	2009-07-23	0.00	0.00	0.00
6407/2-5 S	2009-07-26	2.91	1.30	4.28
16/1-12	2009-07-29	5.08	0.45	5.72
30/9-23	2009-07-29	0.00	0.00	0.00
6306/6-2	2009-08-21	0.00	0.00	0.00
25/5-6	2009-08-27	0.00	0.00	0.00
25/9-3	2009-08-28	0.00	0.00	0.00
6609/10-2	2009-09-05	0.00	0.00	0.00
25/2-17	2009-09-07	0.00	0.00	0.00
30/9-24	2009-09-10	0.00	0.00	0.00
BØYLA	2009-09-12	3.40	0.20	3.60
EDVARD GRIEG	2009-10-02	0	0	0
JETTE	2009-10-09	1.50	0.00	1.50
34/4-11	2009-10-13	7.34	0.66	8.00
6608/10-13	2009-10-17	0.00	0.00	0.00
ALVHEIM	2009-10-20	0	0	0
34/3-2 S	2009-10-25	0.00	0.00	0.00
6507/3-8	2009-11-09	0.00	1.41	1.72
25/4-10 A	2009-11-11	0.00	0.00	0.00
15/9-23	2009-11-18	0.00	0.00	0.00
6407/12-2	2009-11-23	0.00	0.00	0.00
1/3-12 S	2009-12-01	0.00	0.00	0.00
34/4-12 S	2009-12-19	0.00	0.00	0.00
35/9-5	2010-01-01	0.00	0.00	0.00
25/1-11	2010-01-04	0.00	0.00	0.00
34/5-1 S	2010-01-07	0.00	0.00	0.00
SKARV	2010-01-12	0	0	0
6507/11-10	2010-01-16	0.00	0.00	0.00
SNORRE	2010-01-27	0	0	0
16/4-5	2010-02-04	0.00	0.00	0.00
6506/9-2 S	2010-02-11	1.41	7.62	9.75
SKULD	2010-02-22	0	0	0
25/10-10	2010-03-01	0.00	0.00	0.00
9/2-11	2010-03-09	0.00	0.00	0.00
2/2-6	2010-03-27	0.00	0.00	0.00
6407/2-6 S	2010-04-03	0.00	1.90	2.40
25/1-11 R	2010-04-04	1.45	0.00	1.45
15/12-22	2010-04-17	0.00	0.00	0.00
6407/12-3	2010-05-14	0.00	0.00	0.00
6406/3-8	2010-05-16	24.24	2.36	28.53
15/9-24	2010-05-18	0.00	0.00	0.00
GUDRUN	2010-05-19	0	0	0
6604/10-1	2010-05-26	0.00	0.00	0.00
8/10-3	2010-06-02	0.00	0.00	0.00
6507/7-14 S	2010-06-14	0.00	17.92	18.57
16/2-6 JOHAN SVERDRUP	2010-07-20	352.40	11.15	368.19
24/12-6 S	2010-08-16	0.00	0.00	0.00
ATLA	2010-08-25	0.30	1.20	1.50
6603/5-1 S	2010-09-06	0.00	0.00	0.00
35/1-2 S	2010-09-12	0.00	0.00	0.00
16/1-14	2010-09-26	5.18	0.17	5.42
35/9-6 S	2010-09-29	0.00	0.00	0.00
7120/12-5	2010-10-17	0.00	0.00	0.00
3/8-1	2010-10-29	0.00	0.00	0.00
16/7-9	2010-12-05	0.00	0.00	0.00
GULLFAKS SØR	2010-12-06	0	0	0
15/6-12	2010-12-22	0.00	0.00	0.00
35/12-3 S	2010-12-24	0.00	0.00	0.00
6305/9-2	2010-12-26	0.00	0.00	0.00
17/6-1	2011-01-05	0.00	0.00	0.00
24/9-10 S	2011-01-06	1.24	0.10	1.34
7119/12-4	2011-01-12	0.00	0.00	0.00
25/10-11	2011-02-22	0.00	0.00	0.00
6507/8-8	2011-02-26	0.00	0.00	0.00
7220/8-1 JOHAN CASTBERG	2011-02-27	0.00	12.60	12.60
30/11-8 S	2011-03-20	0.00	0.05	0.08
6604/2-1	2011-03-21	0.00	0.00	0.00
GULLFAKS SØR	2011-03-24	0	0	0
7/11-12 S	2011-03-27	0.00	0.00	0.00
6407/3-1 S	2011-04-14	0.00	0.00	0.00
7225/3-1	2011-04-30	0.00	0.00	0.00
35/7-1 S	2011-05-13	0.00	0.00	0.00
7120/2-3 S	2011-05-15	0.00	5.00	5.00
30/11-8 A	2011-05-20	0.00	0.00	0.00
GULLFAKS SØR	2011-06-18	0	0	0
31/8-1	2011-06-27	0.00	0.00	0.00
16/7-10	2011-07-09	0.00	0.00	0.00
6607/12-2 S	2011-07-22	0.88	4.86	7.00
6407/5-2 S	2011-07-28	0.00	0.00	0.00
GULLFAKS SØR	2011-08-07	0	0	0
7/11-12 A	2011-08-08	0.00	0.00	0.00
8/10-4 S	2011-08-15	7.51	0.70	8.21
15/8-2	2011-08-20	0.00	0.00	0.00
6508/1-2	2011-08-20	0.00	0.00	0.00
6608/11-7 S	2011-09-07	0.00	0.00	0.00
KNARR	2011-09-10	0	0	0
7124/4-1 S	2011-09-16	0.00	0.00	0.00
9/1-1 S	2011-10-01	0.00	0.00	0.00
7121/9-1	2011-10-15	0.00	0.00	0.00
6507/6-4 S	2011-10-26	0.00	0.00	0.00
33/12-9 S	2011-10-28	0.55	0.45	1.08
6406/3-9	2011-11-09	0.00	0.00	0.00
6507/6-4 A	2011-11-16	0.00	0.00	0.00
7220/7-1 JOHAN CASTBERG	2011-12-05	0.00	0.00	0.00
6507/7-15 S	2012-01-09	0.00	0.00	0.00
25/6-4 S	2012-01-10	0.00	0.00	0.00
OSEBERG	2012-01-16	0	0	0
2/4-21	2012-01-19	0.00	8.10	13.60
7/12-13 S	2012-01-29	0.00	0.00	0.00
35/9-7	2012-02-28	16.12	3.99	21.19
7228/1-1	2012-03-29	0.00	0.00	0.00
34/7-35 S	2012-05-08	0.00	0.00	0.00
6201/11-3	2012-05-08	0.00	0.00	0.00
6506/11-9 S	2012-05-09	0.00	0.00	0.00
2/8-18 S	2012-05-23	0.00	0.00	0.00
SKARV	2012-06-01	0	0	0
35/2-3	2012-06-13	0.00	0.00	0.00
33/6-4	2012-07-06	0.00	0.00	0.00
3/4-2 S	2012-07-18	0.00	0.00	0.00
34/6-2 S	2012-08-05	5.95	0.24	6.19
7220/10-1	2012-08-13	0.00	0.00	0.00
6201/11-3	2012-08-15	0	0	0
7/11-13	2012-09-10	0.00	0.00	0.00
16/10-5	2012-10-02	0.00	0.00	0.00
7120/6-3 S	2012-10-11	0.00	0.00	0.00
6607/12-3	2012-10-22	0.00	0.00	0.00
IVAR AASEN	2012-10-23	0	0	0
7/8-6 S	2012-11-09	0.00	0.00	0.00
3/7-8 S	2012-12-04	0.00	0.00	0.00
6506/6-2	2012-12-06	0.00	0.00	0.00
6407/1-6 S	2012-12-07	0.00	1.70	2.10
6610/10-1	2013-01-01	0.00	0.00	0.00
VISUND	2013-01-03	0	0	0
8/5-1	2013-01-10	0.00	0.00	0.00
25/11-26	2013-01-18	0.00	0.00	0.00
16/1-17	2013-02-11	0.00	0.00	0.00
7218/11-1	2013-03-04	0.00	0.00	0.00
16/4-6 S	2013-03-11	6.39	1.87	8.26
16/8-3 S	2013-03-11	0.00	0.00	0.00
3/7-9 S	2013-03-14	0.00	0.00	0.00
7/4-3	2013-04-05	0.00	0.00	0.00
26/5-1	2013-04-10	0.00	0.00	0.00
6406/6-3	2013-04-14	0.00	0.00	0.00
6406/9-3	2013-04-17	0.00	0.00	0.00
25/11-27	2013-05-06	3.30	0.00	3.30
2/1-16 S	2013-05-10	0.00	0.00	0.00
7220/5-2	2013-05-20	0.00	0.00	0.00
6608/2-1 S	2013-06-06	0.00	0.00	0.00
6506/9-3	2013-06-17	0.00	3.12	4.81
6507/3-10	2013-06-25	0.00	0.00	0.00
7016/2-1	2013-07-14	0.00	0.00	0.00
7120/1-3	2013-07-15	13.98	10.95	24.93
7219/8-2	2013-07-16	0.00	0.00	0.00
2/1-15	2013-07-18	0.00	0.00	0.00
16/4-7	2013-07-19	0.00	0.00	0.00
7324/8-1	2013-08-10	17.90	0.70	18.60
30/9-25	2013-08-13	0.00	0.00	0.00
16/1-20 A	2013-08-20	0.00	0.00	0.00
URD	2013-08-22	0	0	0
34/10-54 S	2013-09-02	0.64	2.30	3.48
IVAR AASEN	2013-09-03	0	0	0
4/4-1	2013-09-12	0.00	0.00	0.00
6407/8-6	2013-09-20	6.78	1.68	8.93
7324/7-1 S	2013-09-21	0.00	0.00	0.00
30/11-9 S	2013-09-23	0.00	3.91	5.29
16/2-20 S	2013-09-30	0.00	0.00	0.00
7220/7-2 S	2013-10-03	0.00	0.00	0.00
35/9-9	2013-10-06	0.00	0.00	0.00
6507/10-2 S	2013-11-10	0.80	0.70	1.50
30/11-9 A	2013-11-14	1.87	0.29	2.16
16/2-20 A	2013-11-21	0.00	0.00	0.00
31/3-4	2013-11-23	0.00	0.00	0.00
25/5-8	2013-12-15	0.00	0.00	0.00
7220/4-1	2013-12-23	0.00	0.00	0.00
8/10-5 S	2014-01-01	0.00	0.00	0.00
25/5-9	2014-01-01	2.10	0.00	2.10
25/9-4	2014-01-12	0.00	0.00	0.00
35/11-16 S	2014-01-13	0.00	0.00	0.00
7222/11-2	2014-01-14	0.00	0.00	0.00
VISUND	2014-01-16	0	0	0
6406/12-3 S	2014-01-22	14.40	4.21	18.61
6407/1-7	2014-02-01	0.00	1.10	1.40
GULLFAKS SØR	2014-02-11	0	0	0
7220/7-3 S	2014-03-01	0.00	1.30	1.30
7218/8-1	2014-03-03	0.00	0.00	0.00
8/10-5 A	2014-03-06	0.00	0.00	0.00
35/11-17	2014-03-25	1.20	0.74	1.97
6608/10-16	2014-04-08	0.00	0.00	0.00
7324/7-2	2014-04-13	4.48	0.19	4.67
31/2-21 S	2014-04-27	0.00	0.00	0.00
8/10-6 S	2014-05-31	0.00	0.00	0.00
7324/2-1	2014-06-01	0.00	0.00	0.00
6507/5-7	2014-06-08	0.00	0.00	0.00
6406/12-3 A	2014-06-12	1.98	0.27	2.25
7325/1-1	2014-06-24	0.00	0.00	0.00
31/10-1	2014-07-01	0.00	0.00	0.00
2/9-5 S	2014-07-21	0.00	0.00	0.00
34/7-36 S	2014-07-28	0.00	0.00	0.00
7324/9-1	2014-07-28	0.00	0.00	0.00
7220/11-1	2014-08-05	26.10	9.70	35.80
33/12-10 S	2014-08-30	0.00	0.00	0.00
7125/4-3	2014-09-02	0.00	0.00	0.00
2/4-22 S	2014-09-10	0.00	0.00	0.00
7319/12-1	2014-09-10	0.00	12.00	12.00
7220/2-1	2014-09-27	0.00	1.50	1.50
34/6-3 A	2014-09-29	0.30	0.03	0.33
6707/10-3 S	2014-10-06	0.00	4.00	4.00
33/2-1	2014-10-07	0.00	0.00	0.00
7227/10-1	2014-10-12	0.00	0.00	0.00
25/10-12 S	2014-10-27	0.00	0.00	0.00
6405/12-1	2014-10-30	0.00	0.00	0.00
30/11-10	2014-11-02	2.00	0.00	2.00
35/9-12 S	2014-11-04	0.00	0.00	0.00
34/3-4 S	2014-11-13	0.00	0.00	0.00
34/3-4 A	2014-12-01	0.00	0.00	0.00
6406/6-4	2015-01-06	0.00	0.00	0.00
6406/2-8	2015-01-18	0.00	0.00	0.00
26/10-1	2015-01-20	0.00	0.00	0.00
